female_prop_per_calss,year,ratios,ratios_count,schools_char,char_count,teachers_gender,teachers_gender_count,pupils_gender,pupils_gender_count
44.1,1985,pupil_to_class,32.9,taught_classes,37705,teachers_female,13150,pupils_female,546089
44.1,1985,pupil_to_class,32.9,taught_classes,37705,teachers_female,13150,pupils_male,692879
44.1,1985,pupil_to_class,32.9,taught_classes,37705,teachers_female,13150,pupils_all,1238968
44.1,1985,pupil_to_class,32.9,taught_classes,37705,teachers_male,24262,pupils_female,546089
44.1,1985,pupil_to_class,32.9,taught_classes,37705,teachers_male,24262,pupils_male,692879
44.1,1985,pupil_to_class,32.9,taught_classes,37705,teachers_male,24262,pupils_all,1238968
44.1,1985,pupil_to_class,32.9,taught_classes,37705,teachers_all,37412,pupils_female,546089
44.1,1985,pupil_to_class,32.9,taught_classes,37705,teachers_all,37412,pupils_male,692879
44.1,1985,pupil_to_class,32.9,taught_classes,37705,teachers_all,37412,pupils_all,1238968
44.1,1985,pupil_to_class,32.9,number_classerooms,18694,teachers_female,13150,pupils_female,546089
44.1,1985,pupil_to_class,32.9,number_classerooms,18694,teachers_female,13150,pupils_male,692879
44.1,1985,pupil_to_class,32.9,number_classerooms,18694,teachers_female,13150,pupils_all,1238968
44.1,1985,pupil_to_class,32.9,number_classerooms,18694,teachers_male,24262,pupils_female,546089
44.1,1985,pupil_to_class,32.9,number_classerooms,18694,teachers_male,24262,pupils_male,692879
44.1,1985,pupil_to_class,32.9,number_classerooms,18694,teachers_male,24262,pupils_all,1238968
44.1,1985,pupil_to_class,32.9,number_classerooms,18694,teachers_all,37412,pupils_female,546089
44.1,1985,pupil_to_class,32.9,number_classerooms,18694,teachers_all,37412,pupils_male,692879
44.1,1985,pupil_to_class,32.9,number_classerooms,18694,teachers_all,37412,pupils_all,1238968
44.1,1985,pupil_to_class,32.9,number_schools,3214,teachers_female,13150,pupils_female,546089
44.1,1985,pupil_to_class,32.9,number_schools,3214,teachers_female,13150,pupils_male,692879
44.1,1985,pupil_to_class,32.9,number_schools,3214,teachers_female,13150,pupils_all,1238968
44.1,1985,pupil_to_class,32.9,number_schools,3214,teachers_male,24262,pupils_female,546089
44.1,1985,pupil_to_class,32.9,number_schools,3214,teachers_male,24262,pupils_male,692879
44.1,1985,pupil_to_class,32.9,number_schools,3214,teachers_male,24262,pupils_all,1238968
44.1,1985,pupil_to_class,32.9,number_schools,3214,teachers_all,37412,pupils_female,546089
44.1,1985,pupil_to_class,32.9,number_schools,3214,teachers_all,37412,pupils_male,692879
44.1,1985,pupil_to_class,32.9,number_schools,3214,teachers_all,37412,pupils_all,1238968
44.1,1985,pupil_to_teacher,33.1,taught_classes,37705,teachers_female,13150,pupils_female,546089
44.1,1985,pupil_to_teacher,33.1,taught_classes,37705,teachers_female,13150,pupils_male,692879
44.1,1985,pupil_to_teacher,33.1,taught_classes,37705,teachers_female,13150,pupils_all,1238968
44.1,1985,pupil_to_teacher,33.1,taught_classes,37705,teachers_male,24262,pupils_female,546089
44.1,1985,pupil_to_teacher,33.1,taught_classes,37705,teachers_male,24262,pupils_male,692879
44.1,1985,pupil_to_teacher,33.1,taught_classes,37705,teachers_male,24262,pupils_all,1238968
44.1,1985,pupil_to_teacher,33.1,taught_classes,37705,teachers_all,37412,pupils_female,546089
44.1,1985,pupil_to_teacher,33.1,taught_classes,37705,teachers_all,37412,pupils_male,692879
44.1,1985,pupil_to_teacher,33.1,taught_classes,37705,teachers_all,37412,pupils_all,1238968
44.1,1985,pupil_to_teacher,33.1,number_classerooms,18694,teachers_female,13150,pupils_female,546089
44.1,1985,pupil_to_teacher,33.1,number_classerooms,18694,teachers_female,13150,pupils_male,692879
44.1,1985,pupil_to_teacher,33.1,number_classerooms,18694,teachers_female,13150,pupils_all,1238968
44.1,1985,pupil_to_teacher,33.1,number_classerooms,18694,teachers_male,24262,pupils_female,546089
44.1,1985,pupil_to_teacher,33.1,number_classerooms,18694,teachers_male,24262,pupils_male,692879
44.1,1985,pupil_to_teacher,33.1,number_classerooms,18694,teachers_male,24262,pupils_all,1238968
44.1,1985,pupil_to_teacher,33.1,number_classerooms,18694,teachers_all,37412,pupils_female,546089
44.1,1985,pupil_to_teacher,33.1,number_classerooms,18694,teachers_all,37412,pupils_male,692879
44.1,1985,pupil_to_teacher,33.1,number_classerooms,18694,teachers_all,37412,pupils_all,1238968
44.1,1985,pupil_to_teacher,33.1,number_schools,3214,teachers_female,13150,pupils_female,546089
44.1,1985,pupil_to_teacher,33.1,number_schools,3214,teachers_female,13150,pupils_male,692879
44.1,1985,pupil_to_teacher,33.1,number_schools,3214,teachers_female,13150,pupils_all,1238968
44.1,1985,pupil_to_teacher,33.1,number_schools,3214,teachers_male,24262,pupils_female,546089
44.1,1985,pupil_to_teacher,33.1,number_schools,3214,teachers_male,24262,pupils_male,692879
44.1,1985,pupil_to_teacher,33.1,number_schools,3214,teachers_male,24262,pupils_all,1238968
44.1,1985,pupil_to_teacher,33.1,number_schools,3214,teachers_all,37412,pupils_female,546089
44.1,1985,pupil_to_teacher,33.1,number_schools,3214,teachers_all,37412,pupils_male,692879
44.1,1985,pupil_to_teacher,33.1,number_schools,3214,teachers_all,37412,pupils_all,1238968
45.5,1990,pupil_to_class,30.5,taught_classes,44911,teachers_female,19626,pupils_female,622622
45.5,1990,pupil_to_class,30.5,taught_classes,44911,teachers_female,19626,pupils_male,746854
45.5,1990,pupil_to_class,30.5,taught_classes,44911,teachers_female,19626,pupils_all,1369476
45.5,1990,pupil_to_class,30.5,taught_classes,44911,teachers_male,26451,pupils_female,622622
45.5,1990,pupil_to_class,30.5,taught_classes,44911,teachers_male,26451,pupils_male,746854
45.5,1990,pupil_to_class,30.5,taught_classes,44911,teachers_male,26451,pupils_all,1369476
45.5,1990,pupil_to_class,30.5,taught_classes,44911,teachers_all,46077,pupils_female,622622
45.5,1990,pupil_to_class,30.5,taught_classes,44911,teachers_all,46077,pupils_male,746854
45.5,1990,pupil_to_class,30.5,taught_classes,44911,teachers_all,46077,pupils_all,1369476
45.5,1990,pupil_to_class,30.5,number_classerooms,23529,teachers_female,19626,pupils_female,622622
45.5,1990,pupil_to_class,30.5,number_classerooms,23529,teachers_female,19626,pupils_male,746854
45.5,1990,pupil_to_class,30.5,number_classerooms,23529,teachers_female,19626,pupils_all,1369476
45.5,1990,pupil_to_class,30.5,number_classerooms,23529,teachers_male,26451,pupils_female,622622
45.5,1990,pupil_to_class,30.5,number_classerooms,23529,teachers_male,26451,pupils_male,746854
45.5,1990,pupil_to_class,30.5,number_classerooms,23529,teachers_male,26451,pupils_all,1369476
45.5,1990,pupil_to_class,30.5,number_classerooms,23529,teachers_all,46077,pupils_female,622622
45.5,1990,pupil_to_class,30.5,number_classerooms,23529,teachers_all,46077,pupils_male,746854
45.5,1990,pupil_to_class,30.5,number_classerooms,23529,teachers_all,46077,pupils_all,1369476
45.5,1990,pupil_to_class,30.5,number_schools,3774,teachers_female,19626,pupils_female,622622
45.5,1990,pupil_to_class,30.5,number_schools,3774,teachers_female,19626,pupils_male,746854
45.5,1990,pupil_to_class,30.5,number_schools,3774,teachers_female,19626,pupils_all,1369476
45.5,1990,pupil_to_class,30.5,number_schools,3774,teachers_male,26451,pupils_female,622622
45.5,1990,pupil_to_class,30.5,number_schools,3774,teachers_male,26451,pupils_male,746854
45.5,1990,pupil_to_class,30.5,number_schools,3774,teachers_male,26451,pupils_all,1369476
45.5,1990,pupil_to_class,30.5,number_schools,3774,teachers_all,46077,pupils_female,622622
45.5,1990,pupil_to_class,30.5,number_schools,3774,teachers_all,46077,pupils_male,746854
45.5,1990,pupil_to_class,30.5,number_schools,3774,teachers_all,46077,pupils_all,1369476
45.5,1990,pupil_to_teacher,29.7,taught_classes,44911,teachers_female,19626,pupils_female,622622
45.5,1990,pupil_to_teacher,29.7,taught_classes,44911,teachers_female,19626,pupils_male,746854
45.5,1990,pupil_to_teacher,29.7,taught_classes,44911,teachers_female,19626,pupils_all,1369476
45.5,1990,pupil_to_teacher,29.7,taught_classes,44911,teachers_male,26451,pupils_female,622622
45.5,1990,pupil_to_teacher,29.7,taught_classes,44911,teachers_male,26451,pupils_male,746854
45.5,1990,pupil_to_teacher,29.7,taught_classes,44911,teachers_male,26451,pupils_all,1369476
45.5,1990,pupil_to_teacher,29.7,taught_classes,44911,teachers_all,46077,pupils_female,622622
45.5,1990,pupil_to_teacher,29.7,taught_classes,44911,teachers_all,46077,pupils_male,746854
45.5,1990,pupil_to_teacher,29.7,taught_classes,44911,teachers_all,46077,pupils_all,1369476
45.5,1990,pupil_to_teacher,29.7,number_classerooms,23529,teachers_female,19626,pupils_female,622622
45.5,1990,pupil_to_teacher,29.7,number_classerooms,23529,teachers_female,19626,pupils_male,746854
45.5,1990,pupil_to_teacher,29.7,number_classerooms,23529,teachers_female,19626,pupils_all,1369476
45.5,1990,pupil_to_teacher,29.7,number_classerooms,23529,teachers_male,26451,pupils_female,622622
45.5,1990,pupil_to_teacher,29.7,number_classerooms,23529,teachers_male,26451,pupils_male,746854
45.5,1990,pupil_to_teacher,29.7,number_classerooms,23529,teachers_male,26451,pupils_all,1369476
45.5,1990,pupil_to_teacher,29.7,number_classerooms,23529,teachers_all,46077,pupils_female,622622
45.5,1990,pupil_to_teacher,29.7,number_classerooms,23529,teachers_all,46077,pupils_male,746854
45.5,1990,pupil_to_teacher,29.7,number_classerooms,23529,teachers_all,46077,pupils_all,1369476
45.5,1990,pupil_to_teacher,29.7,number_schools,3774,teachers_female,19626,pupils_female,622622
45.5,1990,pupil_to_teacher,29.7,number_schools,3774,teachers_female,19626,pupils_male,746854
45.5,1990,pupil_to_teacher,29.7,number_schools,3774,teachers_female,19626,pupils_all,1369476
45.5,1990,pupil_to_teacher,29.7,number_schools,3774,teachers_male,26451,pupils_female,622622
45.5,1990,pupil_to_teacher,29.7,number_schools,3774,teachers_male,26451,pupils_male,746854
45.5,1990,pupil_to_teacher,29.7,number_schools,3774,teachers_male,26451,pupils_all,1369476
45.5,1990,pupil_to_teacher,29.7,number_schools,3774,teachers_all,46077,pupils_female,622622
45.5,1990,pupil_to_teacher,29.7,number_schools,3774,teachers_all,46077,pupils_male,746854
45.5,1990,pupil_to_teacher,29.7,number_schools,3774,teachers_all,46077,pupils_all,1369476
46.8,1995,pupil_to_class,31.3,taught_classes,47008,teachers_female,27927,pupils_female,689921
46.8,1995,pupil_to_class,31.3,taught_classes,47008,teachers_female,27927,pupils_male,782923
46.8,1995,pupil_to_class,31.3,taught_classes,47008,teachers_female,27927,pupils_all,1472844
46.8,1995,pupil_to_class,31.3,taught_classes,47008,teachers_male,30352,pupils_female,689921
46.8,1995,pupil_to_class,31.3,taught_classes,47008,teachers_male,30352,pupils_male,782923
46.8,1995,pupil_to_class,31.3,taught_classes,47008,teachers_male,30352,pupils_all,1472844
46.8,1995,pupil_to_class,31.3,taught_classes,47008,teachers_all,58279,pupils_female,689921
46.8,1995,pupil_to_class,31.3,taught_classes,47008,teachers_all,58279,pupils_male,782923
46.8,1995,pupil_to_class,31.3,taught_classes,47008,teachers_all,58279,pupils_all,1472844
46.8,1995,pupil_to_class,31.3,number_classerooms,26371,teachers_female,27927,pupils_female,689921
46.8,1995,pupil_to_class,31.3,number_classerooms,26371,teachers_female,27927,pupils_male,782923
46.8,1995,pupil_to_class,31.3,number_classerooms,26371,teachers_female,27927,pupils_all,1472844
46.8,1995,pupil_to_class,31.3,number_classerooms,26371,teachers_male,30352,pupils_female,689921
46.8,1995,pupil_to_class,31.3,number_classerooms,26371,teachers_male,30352,pupils_male,782923
46.8,1995,pupil_to_class,31.3,number_classerooms,26371,teachers_male,30352,pupils_all,1472844
46.8,1995,pupil_to_class,31.3,number_classerooms,26371,teachers_all,58279,pupils_female,689921
46.8,1995,pupil_to_class,31.3,number_classerooms,26371,teachers_all,58279,pupils_male,782923
46.8,1995,pupil_to_class,31.3,number_classerooms,26371,teachers_all,58279,pupils_all,1472844
46.8,1995,pupil_to_class,31.3,number_schools,4286,teachers_female,27927,pupils_female,689921
46.8,1995,pupil_to_class,31.3,number_schools,4286,teachers_female,27927,pupils_male,782923
46.8,1995,pupil_to_class,31.3,number_schools,4286,teachers_female,27927,pupils_all,1472844
46.8,1995,pupil_to_class,31.3,number_schools,4286,teachers_male,30352,pupils_female,689921
46.8,1995,pupil_to_class,31.3,number_schools,4286,teachers_male,30352,pupils_male,782923
46.8,1995,pupil_to_class,31.3,number_schools,4286,teachers_male,30352,pupils_all,1472844
46.8,1995,pupil_to_class,31.3,number_schools,4286,teachers_all,58279,pupils_female,689921
46.8,1995,pupil_to_class,31.3,number_schools,4286,teachers_all,58279,pupils_male,782923
46.8,1995,pupil_to_class,31.3,number_schools,4286,teachers_all,58279,pupils_all,1472844
46.8,1995,pupil_to_teacher,25.3,taught_classes,47008,teachers_female,27927,pupils_female,689921
46.8,1995,pupil_to_teacher,25.3,taught_classes,47008,teachers_female,27927,pupils_male,782923
46.8,1995,pupil_to_teacher,25.3,taught_classes,47008,teachers_female,27927,pupils_all,1472844
46.8,1995,pupil_to_teacher,25.3,taught_classes,47008,teachers_male,30352,pupils_female,689921
46.8,1995,pupil_to_teacher,25.3,taught_classes,47008,teachers_male,30352,pupils_male,782923
46.8,1995,pupil_to_teacher,25.3,taught_classes,47008,teachers_male,30352,pupils_all,1472844
46.8,1995,pupil_to_teacher,25.3,taught_classes,47008,teachers_all,58279,pupils_female,689921
46.8,1995,pupil_to_teacher,25.3,taught_classes,47008,teachers_all,58279,pupils_male,782923
46.8,1995,pupil_to_teacher,25.3,taught_classes,47008,teachers_all,58279,pupils_all,1472844
46.8,1995,pupil_to_teacher,25.3,number_classerooms,26371,teachers_female,27927,pupils_female,689921
46.8,1995,pupil_to_teacher,25.3,number_classerooms,26371,teachers_female,27927,pupils_male,782923
46.8,1995,pupil_to_teacher,25.3,number_classerooms,26371,teachers_female,27927,pupils_all,1472844
46.8,1995,pupil_to_teacher,25.3,number_classerooms,26371,teachers_male,30352,pupils_female,689921
46.8,1995,pupil_to_teacher,25.3,number_classerooms,26371,teachers_male,30352,pupils_male,782923
46.8,1995,pupil_to_teacher,25.3,number_classerooms,26371,teachers_male,30352,pupils_all,1472844
46.8,1995,pupil_to_teacher,25.3,number_classerooms,26371,teachers_all,58279,pupils_female,689921
46.8,1995,pupil_to_teacher,25.3,number_classerooms,26371,teachers_all,58279,pupils_male,782923
46.8,1995,pupil_to_teacher,25.3,number_classerooms,26371,teachers_all,58279,pupils_all,1472844
46.8,1995,pupil_to_teacher,25.3,number_schools,4286,teachers_female,27927,pupils_female,689921
46.8,1995,pupil_to_teacher,25.3,number_schools,4286,teachers_female,27927,pupils_male,782923
46.8,1995,pupil_to_teacher,25.3,number_schools,4286,teachers_female,27927,pupils_all,1472844
46.8,1995,pupil_to_teacher,25.3,number_schools,4286,teachers_male,30352,pupils_female,689921
46.8,1995,pupil_to_teacher,25.3,number_schools,4286,teachers_male,30352,pupils_male,782923
46.8,1995,pupil_to_teacher,25.3,number_schools,4286,teachers_male,30352,pupils_all,1472844
46.8,1995,pupil_to_teacher,25.3,number_schools,4286,teachers_all,58279,pupils_female,689921
46.8,1995,pupil_to_teacher,25.3,number_schools,4286,teachers_all,58279,pupils_male,782923
46.8,1995,pupil_to_teacher,25.3,number_schools,4286,teachers_all,58279,pupils_all,1472844
47.4,2000,pupil_to_class,29.6,taught_classes,47476,teachers_female,29736,pupils_female,665813
47.4,2000,pupil_to_class,29.6,taught_classes,47476,teachers_female,29736,pupils_male,737916
47.4,2000,pupil_to_class,29.6,taught_classes,47476,teachers_female,29736,pupils_all,1403729
47.4,2000,pupil_to_class,29.6,taught_classes,47476,teachers_male,30597,pupils_female,665813
47.4,2000,pupil_to_class,29.6,taught_classes,47476,teachers_male,30597,pupils_male,737916
47.4,2000,pupil_to_class,29.6,taught_classes,47476,teachers_male,30597,pupils_all,1403729
47.4,2000,pupil_to_class,29.6,taught_classes,47476,teachers_all,60333,pupils_female,665813
47.4,2000,pupil_to_class,29.6,taught_classes,47476,teachers_all,60333,pupils_male,737916
47.4,2000,pupil_to_class,29.6,taught_classes,47476,teachers_all,60333,pupils_all,1403729
47.4,2000,pupil_to_class,29.6,number_classerooms,27510,teachers_female,29736,pupils_female,665813
47.4,2000,pupil_to_class,29.6,number_classerooms,27510,teachers_female,29736,pupils_male,737916
47.4,2000,pupil_to_class,29.6,number_classerooms,27510,teachers_female,29736,pupils_all,1403729
47.4,2000,pupil_to_class,29.6,number_classerooms,27510,teachers_male,30597,pupils_female,665813
47.4,2000,pupil_to_class,29.6,number_classerooms,27510,teachers_male,30597,pupils_male,737916
47.4,2000,pupil_to_class,29.6,number_classerooms,27510,teachers_male,30597,pupils_all,1403729
47.4,2000,pupil_to_class,29.6,number_classerooms,27510,teachers_all,60333,pupils_female,665813
47.4,2000,pupil_to_class,29.6,number_classerooms,27510,teachers_all,60333,pupils_male,737916
47.4,2000,pupil_to_class,29.6,number_classerooms,27510,teachers_all,60333,pupils_all,1403729
47.4,2000,pupil_to_class,29.6,number_schools,4456,teachers_female,29736,pupils_female,665813
47.4,2000,pupil_to_class,29.6,number_schools,4456,teachers_female,29736,pupils_male,737916
47.4,2000,pupil_to_class,29.6,number_schools,4456,teachers_female,29736,pupils_all,1403729
47.4,2000,pupil_to_class,29.6,number_schools,4456,teachers_male,30597,pupils_female,665813
47.4,2000,pupil_to_class,29.6,number_schools,4456,teachers_male,30597,pupils_male,737916
47.4,2000,pupil_to_class,29.6,number_schools,4456,teachers_male,30597,pupils_all,1403729
47.4,2000,pupil_to_class,29.6,number_schools,4456,teachers_all,60333,pupils_female,665813
47.4,2000,pupil_to_class,29.6,number_schools,4456,teachers_all,60333,pupils_male,737916
47.4,2000,pupil_to_class,29.6,number_schools,4456,teachers_all,60333,pupils_all,1403729
47.4,2000,pupil_to_teacher,23.3,taught_classes,47476,teachers_female,29736,pupils_female,665813
47.4,2000,pupil_to_teacher,23.3,taught_classes,47476,teachers_female,29736,pupils_male,737916
47.4,2000,pupil_to_teacher,23.3,taught_classes,47476,teachers_female,29736,pupils_all,1403729
47.4,2000,pupil_to_teacher,23.3,taught_classes,47476,teachers_male,30597,pupils_female,665813
47.4,2000,pupil_to_teacher,23.3,taught_classes,47476,teachers_male,30597,pupils_male,737916
47.4,2000,pupil_to_teacher,23.3,taught_classes,47476,teachers_male,30597,pupils_all,1403729
47.4,2000,pupil_to_teacher,23.3,taught_classes,47476,teachers_all,60333,pupils_female,665813
47.4,2000,pupil_to_teacher,23.3,taught_classes,47476,teachers_all,60333,pupils_male,737916
47.4,2000,pupil_to_teacher,23.3,taught_classes,47476,teachers_all,60333,pupils_all,1403729
47.4,2000,pupil_to_teacher,23.3,number_classerooms,27510,teachers_female,29736,pupils_female,665813
47.4,2000,pupil_to_teacher,23.3,number_classerooms,27510,teachers_female,29736,pupils_male,737916
47.4,2000,pupil_to_teacher,23.3,number_classerooms,27510,teachers_female,29736,pupils_all,1403729
47.4,2000,pupil_to_teacher,23.3,number_classerooms,27510,teachers_male,30597,pupils_female,665813
47.4,2000,pupil_to_teacher,23.3,number_classerooms,27510,teachers_male,30597,pupils_male,737916
47.4,2000,pupil_to_teacher,23.3,number_classerooms,27510,teachers_male,30597,pupils_all,1403729
47.4,2000,pupil_to_teacher,23.3,number_classerooms,27510,teachers_all,60333,pupils_female,665813
47.4,2000,pupil_to_teacher,23.3,number_classerooms,27510,teachers_all,60333,pupils_male,737916
47.4,2000,pupil_to_teacher,23.3,number_classerooms,27510,teachers_all,60333,pupils_all,1403729
47.4,2000,pupil_to_teacher,23.3,number_schools,4456,teachers_female,29736,pupils_female,665813
47.4,2000,pupil_to_teacher,23.3,number_schools,4456,teachers_female,29736,pupils_male,737916
47.4,2000,pupil_to_teacher,23.3,number_schools,4456,teachers_female,29736,pupils_all,1403729
47.4,2000,pupil_to_teacher,23.3,number_schools,4456,teachers_male,30597,pupils_female,665813
47.4,2000,pupil_to_teacher,23.3,number_schools,4456,teachers_male,30597,pupils_male,737916
47.4,2000,pupil_to_teacher,23.3,number_schools,4456,teachers_male,30597,pupils_all,1403729
47.4,2000,pupil_to_teacher,23.3,number_schools,4456,teachers_all,60333,pupils_female,665813
47.4,2000,pupil_to_teacher,23.3,number_schools,4456,teachers_all,60333,pupils_male,737916
47.4,2000,pupil_to_teacher,23.3,number_schools,4456,teachers_all,60333,pupils_all,1403729
47.7,2005,pupil_to_class,25,taught_classes,46770,teachers_female,29871,pupils_female,558906
47.7,2005,pupil_to_class,25,taught_classes,46770,teachers_female,29871,pupils_male,612113
47.7,2005,pupil_to_class,25,taught_classes,46770,teachers_female,29871,pupils_all,1171019
47.7,2005,pupil_to_class,25,taught_classes,46770,teachers_male,28471,pupils_female,558906
47.7,2005,pupil_to_class,25,taught_classes,46770,teachers_male,28471,pupils_male,612113
47.7,2005,pupil_to_class,25,taught_classes,46770,teachers_male,28471,pupils_all,1171019
47.7,2005,pupil_to_class,25,taught_classes,46770,teachers_all,58342,pupils_female,558906
47.7,2005,pupil_to_class,25,taught_classes,46770,teachers_all,58342,pupils_male,612113
47.7,2005,pupil_to_class,25,taught_classes,46770,teachers_all,58342,pupils_all,1171019
47.7,2005,pupil_to_class,25,number_classerooms,28085,teachers_female,29871,pupils_female,558906
47.7,2005,pupil_to_class,25,number_classerooms,28085,teachers_female,29871,pupils_male,612113
47.7,2005,pupil_to_class,25,number_classerooms,28085,teachers_female,29871,pupils_all,1171019
47.7,2005,pupil_to_class,25,number_classerooms,28085,teachers_male,28471,pupils_female,558906
47.7,2005,pupil_to_class,25,number_classerooms,28085,teachers_male,28471,pupils_male,612113
47.7,2005,pupil_to_class,25,number_classerooms,28085,teachers_male,28471,pupils_all,1171019
47.7,2005,pupil_to_class,25,number_classerooms,28085,teachers_all,58342,pupils_female,558906
47.7,2005,pupil_to_class,25,number_classerooms,28085,teachers_all,58342,pupils_male,612113
47.7,2005,pupil_to_class,25,number_classerooms,28085,teachers_all,58342,pupils_all,1171019
47.7,2005,pupil_to_class,25,number_schools,4494,teachers_female,29871,pupils_female,558906
47.7,2005,pupil_to_class,25,number_schools,4494,teachers_female,29871,pupils_male,612113
47.7,2005,pupil_to_class,25,number_schools,4494,teachers_female,29871,pupils_all,1171019
47.7,2005,pupil_to_class,25,number_schools,4494,teachers_male,28471,pupils_female,558906
47.7,2005,pupil_to_class,25,number_schools,4494,teachers_male,28471,pupils_male,612113
47.7,2005,pupil_to_class,25,number_schools,4494,teachers_male,28471,pupils_all,1171019
47.7,2005,pupil_to_class,25,number_schools,4494,teachers_all,58342,pupils_female,558906
47.7,2005,pupil_to_class,25,number_schools,4494,teachers_all,58342,pupils_male,612113
47.7,2005,pupil_to_class,25,number_schools,4494,teachers_all,58342,pupils_all,1171019
47.7,2005,pupil_to_teacher,20.1,taught_classes,46770,teachers_female,29871,pupils_female,558906
47.7,2005,pupil_to_teacher,20.1,taught_classes,46770,teachers_female,29871,pupils_male,612113
47.7,2005,pupil_to_teacher,20.1,taught_classes,46770,teachers_female,29871,pupils_all,1171019
47.7,2005,pupil_to_teacher,20.1,taught_classes,46770,teachers_male,28471,pupils_female,558906
47.7,2005,pupil_to_teacher,20.1,taught_classes,46770,teachers_male,28471,pupils_male,612113
47.7,2005,pupil_to_teacher,20.1,taught_classes,46770,teachers_male,28471,pupils_all,1171019
47.7,2005,pupil_to_teacher,20.1,taught_classes,46770,teachers_all,58342,pupils_female,558906
47.7,2005,pupil_to_teacher,20.1,taught_classes,46770,teachers_all,58342,pupils_male,612113
47.7,2005,pupil_to_teacher,20.1,taught_classes,46770,teachers_all,58342,pupils_all,1171019
47.7,2005,pupil_to_teacher,20.1,number_classerooms,28085,teachers_female,29871,pupils_female,558906
47.7,2005,pupil_to_teacher,20.1,number_classerooms,28085,teachers_female,29871,pupils_male,612113
47.7,2005,pupil_to_teacher,20.1,number_classerooms,28085,teachers_female,29871,pupils_all,1171019
47.7,2005,pupil_to_teacher,20.1,number_classerooms,28085,teachers_male,28471,pupils_female,558906
47.7,2005,pupil_to_teacher,20.1,number_classerooms,28085,teachers_male,28471,pupils_male,612113
47.7,2005,pupil_to_teacher,20.1,number_classerooms,28085,teachers_male,28471,pupils_all,1171019
47.7,2005,pupil_to_teacher,20.1,number_classerooms,28085,teachers_all,58342,pupils_female,558906
47.7,2005,pupil_to_teacher,20.1,number_classerooms,28085,teachers_all,58342,pupils_male,612113
47.7,2005,pupil_to_teacher,20.1,number_classerooms,28085,teachers_all,58342,pupils_all,1171019
47.7,2005,pupil_to_teacher,20.1,number_schools,4494,teachers_female,29871,pupils_female,558906
47.7,2005,pupil_to_teacher,20.1,number_schools,4494,teachers_female,29871,pupils_male,612113
47.7,2005,pupil_to_teacher,20.1,number_schools,4494,teachers_female,29871,pupils_all,1171019
47.7,2005,pupil_to_teacher,20.1,number_schools,4494,teachers_male,28471,pupils_female,558906
47.7,2005,pupil_to_teacher,20.1,number_schools,4494,teachers_male,28471,pupils_male,612113
47.7,2005,pupil_to_teacher,20.1,number_schools,4494,teachers_male,28471,pupils_all,1171019
47.7,2005,pupil_to_teacher,20.1,number_schools,4494,teachers_all,58342,pupils_female,558906
47.7,2005,pupil_to_teacher,20.1,number_schools,4494,teachers_all,58342,pupils_male,612113
47.7,2005,pupil_to_teacher,20.1,number_schools,4494,teachers_all,58342,pupils_all,1171019
48,2010,pupil_to_class,22.1,taught_classes,45677,teachers_female,32109,pupils_female,484198
48,2010,pupil_to_class,22.1,taught_classes,45677,teachers_female,32109,pupils_male,524402
48,2010,pupil_to_class,22.1,taught_classes,45677,teachers_female,32109,pupils_all,1008600
48,2010,pupil_to_class,22.1,taught_classes,45677,teachers_male,26458,pupils_female,484198
48,2010,pupil_to_class,22.1,taught_classes,45677,teachers_male,26458,pupils_male,524402
48,2010,pupil_to_class,22.1,taught_classes,45677,teachers_male,26458,pupils_all,1008600
48,2010,pupil_to_class,22.1,taught_classes,45677,teachers_all,58567,pupils_female,484198
48,2010,pupil_to_class,22.1,taught_classes,45677,teachers_all,58567,pupils_male,524402
48,2010,pupil_to_class,22.1,taught_classes,45677,teachers_all,58567,pupils_all,1008600
48,2010,pupil_to_class,22.1,number_classerooms,25841,teachers_female,32109,pupils_female,484198
48,2010,pupil_to_class,22.1,number_classerooms,25841,teachers_female,32109,pupils_male,524402
48,2010,pupil_to_class,22.1,number_classerooms,25841,teachers_female,32109,pupils_all,1008600
48,2010,pupil_to_class,22.1,number_classerooms,25841,teachers_male,26458,pupils_female,484198
48,2010,pupil_to_class,22.1,number_classerooms,25841,teachers_male,26458,pupils_male,524402
48,2010,pupil_to_class,22.1,number_classerooms,25841,teachers_male,26458,pupils_all,1008600
48,2010,pupil_to_class,22.1,number_classerooms,25841,teachers_all,58567,pupils_female,484198
48,2010,pupil_to_class,22.1,number_classerooms,25841,teachers_all,58567,pupils_male,524402
48,2010,pupil_to_class,22.1,number_classerooms,25841,teachers_all,58567,pupils_all,1008600
48,2010,pupil_to_class,22.1,number_schools,4517,teachers_female,32109,pupils_female,484198
48,2010,pupil_to_class,22.1,number_schools,4517,teachers_female,32109,pupils_male,524402
48,2010,pupil_to_class,22.1,number_schools,4517,teachers_female,32109,pupils_all,1008600
48,2010,pupil_to_class,22.1,number_schools,4517,teachers_male,26458,pupils_female,484198
48,2010,pupil_to_class,22.1,number_schools,4517,teachers_male,26458,pupils_male,524402
48,2010,pupil_to_class,22.1,number_schools,4517,teachers_male,26458,pupils_all,1008600
48,2010,pupil_to_class,22.1,number_schools,4517,teachers_all,58567,pupils_female,484198
48,2010,pupil_to_class,22.1,number_schools,4517,teachers_all,58567,pupils_male,524402
48,2010,pupil_to_class,22.1,number_schools,4517,teachers_all,58567,pupils_all,1008600
48,2010,pupil_to_teacher,17.2,taught_classes,45677,teachers_female,32109,pupils_female,484198
48,2010,pupil_to_teacher,17.2,taught_classes,45677,teachers_female,32109,pupils_male,524402
48,2010,pupil_to_teacher,17.2,taught_classes,45677,teachers_female,32109,pupils_all,1008600
48,2010,pupil_to_teacher,17.2,taught_classes,45677,teachers_male,26458,pupils_female,484198
48,2010,pupil_to_teacher,17.2,taught_classes,45677,teachers_male,26458,pupils_male,524402
48,2010,pupil_to_teacher,17.2,taught_classes,45677,teachers_male,26458,pupils_all,1008600
48,2010,pupil_to_teacher,17.2,taught_classes,45677,teachers_all,58567,pupils_female,484198
48,2010,pupil_to_teacher,17.2,taught_classes,45677,teachers_all,58567,pupils_male,524402
48,2010,pupil_to_teacher,17.2,taught_classes,45677,teachers_all,58567,pupils_all,1008600
48,2010,pupil_to_teacher,17.2,number_classerooms,25841,teachers_female,32109,pupils_female,484198
48,2010,pupil_to_teacher,17.2,number_classerooms,25841,teachers_female,32109,pupils_male,524402
48,2010,pupil_to_teacher,17.2,number_classerooms,25841,teachers_female,32109,pupils_all,1008600
48,2010,pupil_to_teacher,17.2,number_classerooms,25841,teachers_male,26458,pupils_female,484198
48,2010,pupil_to_teacher,17.2,number_classerooms,25841,teachers_male,26458,pupils_male,524402
48,2010,pupil_to_teacher,17.2,number_classerooms,25841,teachers_male,26458,pupils_all,1008600
48,2010,pupil_to_teacher,17.2,number_classerooms,25841,teachers_all,58567,pupils_female,484198
48,2010,pupil_to_teacher,17.2,number_classerooms,25841,teachers_all,58567,pupils_male,524402
48,2010,pupil_to_teacher,17.2,number_classerooms,25841,teachers_all,58567,pupils_all,1008600
48,2010,pupil_to_teacher,17.2,number_schools,4517,teachers_female,32109,pupils_female,484198
48,2010,pupil_to_teacher,17.2,number_schools,4517,teachers_female,32109,pupils_male,524402
48,2010,pupil_to_teacher,17.2,number_schools,4517,teachers_female,32109,pupils_all,1008600
48,2010,pupil_to_teacher,17.2,number_schools,4517,teachers_male,26458,pupils_female,484198
48,2010,pupil_to_teacher,17.2,number_schools,4517,teachers_male,26458,pupils_male,524402
48,2010,pupil_to_teacher,17.2,number_schools,4517,teachers_male,26458,pupils_all,1008600
48,2010,pupil_to_teacher,17.2,number_schools,4517,teachers_all,58567,pupils_female,484198
48,2010,pupil_to_teacher,17.2,number_schools,4517,teachers_all,58567,pupils_male,524402
48,2010,pupil_to_teacher,17.2,number_schools,4517,teachers_all,58567,pupils_all,1008600
48.2,2015,pupil_to_class,22.4,taught_classes,47543,teachers_female,37402,pupils_female,513971
48.2,2015,pupil_to_class,22.4,taught_classes,47543,teachers_female,37402,pupils_male,552522
48.2,2015,pupil_to_class,22.4,taught_classes,47543,teachers_female,37402,pupils_all,1066493
48.2,2015,pupil_to_class,22.4,taught_classes,47543,teachers_male,25901,pupils_female,513971
48.2,2015,pupil_to_class,22.4,taught_classes,47543,teachers_male,25901,pupils_male,552522
48.2,2015,pupil_to_class,22.4,taught_classes,47543,teachers_male,25901,pupils_all,1066493
48.2,2015,pupil_to_class,22.4,taught_classes,47543,teachers_all,63303,pupils_female,513971
48.2,2015,pupil_to_class,22.4,taught_classes,47543,teachers_all,63303,pupils_male,552522
48.2,2015,pupil_to_class,22.4,taught_classes,47543,teachers_all,63303,pupils_all,1066493
48.2,2015,pupil_to_class,22.4,number_classerooms,26856,teachers_female,37402,pupils_female,513971
48.2,2015,pupil_to_class,22.4,number_classerooms,26856,teachers_female,37402,pupils_male,552522
48.2,2015,pupil_to_class,22.4,number_classerooms,26856,teachers_female,37402,pupils_all,1066493
48.2,2015,pupil_to_class,22.4,number_classerooms,26856,teachers_male,25901,pupils_female,513971
48.2,2015,pupil_to_class,22.4,number_classerooms,26856,teachers_male,25901,pupils_male,552522
48.2,2015,pupil_to_class,22.4,number_classerooms,26856,teachers_male,25901,pupils_all,1066493
48.2,2015,pupil_to_class,22.4,number_classerooms,26856,teachers_all,63303,pupils_female,513971
48.2,2015,pupil_to_class,22.4,number_classerooms,26856,teachers_all,63303,pupils_male,552522
48.2,2015,pupil_to_class,22.4,number_classerooms,26856,teachers_all,63303,pupils_all,1066493
48.2,2015,pupil_to_class,22.4,number_schools,4565,teachers_female,37402,pupils_female,513971
48.2,2015,pupil_to_class,22.4,number_schools,4565,teachers_female,37402,pupils_male,552522
48.2,2015,pupil_to_class,22.4,number_schools,4565,teachers_female,37402,pupils_all,1066493
48.2,2015,pupil_to_class,22.4,number_schools,4565,teachers_male,25901,pupils_female,513971
48.2,2015,pupil_to_class,22.4,number_schools,4565,teachers_male,25901,pupils_male,552522
48.2,2015,pupil_to_class,22.4,number_schools,4565,teachers_male,25901,pupils_all,1066493
48.2,2015,pupil_to_class,22.4,number_schools,4565,teachers_all,63303,pupils_female,513971
48.2,2015,pupil_to_class,22.4,number_schools,4565,teachers_all,63303,pupils_male,552522
48.2,2015,pupil_to_class,22.4,number_schools,4565,teachers_all,63303,pupils_all,1066493
48.2,2015,pupil_to_teacher,16.8,taught_classes,47543,teachers_female,37402,pupils_female,513971
48.2,2015,pupil_to_teacher,16.8,taught_classes,47543,teachers_female,37402,pupils_male,552522
48.2,2015,pupil_to_teacher,16.8,taught_classes,47543,teachers_female,37402,pupils_all,1066493
48.2,2015,pupil_to_teacher,16.8,taught_classes,47543,teachers_male,25901,pupils_female,513971
48.2,2015,pupil_to_teacher,16.8,taught_classes,47543,teachers_male,25901,pupils_male,552522
48.2,2015,pupil_to_teacher,16.8,taught_classes,47543,teachers_male,25901,pupils_all,1066493
48.2,2015,pupil_to_teacher,16.8,taught_classes,47543,teachers_all,63303,pupils_female,513971
48.2,2015,pupil_to_teacher,16.8,taught_classes,47543,teachers_all,63303,pupils_male,552522
48.2,2015,pupil_to_teacher,16.8,taught_classes,47543,teachers_all,63303,pupils_all,1066493
48.2,2015,pupil_to_teacher,16.8,number_classerooms,26856,teachers_female,37402,pupils_female,513971
48.2,2015,pupil_to_teacher,16.8,number_classerooms,26856,teachers_female,37402,pupils_male,552522
48.2,2015,pupil_to_teacher,16.8,number_classerooms,26856,teachers_female,37402,pupils_all,1066493
48.2,2015,pupil_to_teacher,16.8,number_classerooms,26856,teachers_male,25901,pupils_female,513971
48.2,2015,pupil_to_teacher,16.8,number_classerooms,26856,teachers_male,25901,pupils_male,552522
48.2,2015,pupil_to_teacher,16.8,number_classerooms,26856,teachers_male,25901,pupils_all,1066493
48.2,2015,pupil_to_teacher,16.8,number_classerooms,26856,teachers_all,63303,pupils_female,513971
48.2,2015,pupil_to_teacher,16.8,number_classerooms,26856,teachers_all,63303,pupils_male,552522
48.2,2015,pupil_to_teacher,16.8,number_classerooms,26856,teachers_all,63303,pupils_all,1066493
48.2,2015,pupil_to_teacher,16.8,number_schools,4565,teachers_female,37402,pupils_female,513971
48.2,2015,pupil_to_teacher,16.8,number_schools,4565,teachers_female,37402,pupils_male,552522
48.2,2015,pupil_to_teacher,16.8,number_schools,4565,teachers_female,37402,pupils_all,1066493
48.2,2015,pupil_to_teacher,16.8,number_schools,4565,teachers_male,25901,pupils_female,513971
48.2,2015,pupil_to_teacher,16.8,number_schools,4565,teachers_male,25901,pupils_male,552522
48.2,2015,pupil_to_teacher,16.8,number_schools,4565,teachers_male,25901,pupils_all,1066493
48.2,2015,pupil_to_teacher,16.8,number_schools,4565,teachers_all,63303,pupils_female,513971
48.2,2015,pupil_to_teacher,16.8,number_schools,4565,teachers_all,63303,pupils_male,552522
48.2,2015,pupil_to_teacher,16.8,number_schools,4565,teachers_all,63303,pupils_all,1066493
48.3,2016,pupil_to_class,23,taught_classes,47010,teachers_female,39189,pupils_female,520847
48.3,2016,pupil_to_class,23,taught_classes,47010,teachers_female,39189,pupils_male,558154
48.3,2016,pupil_to_class,23,taught_classes,47010,teachers_female,39189,pupils_all,1079001
48.3,2016,pupil_to_class,23,taught_classes,47010,teachers_male,25755,pupils_female,520847
48.3,2016,pupil_to_class,23,taught_classes,47010,teachers_male,25755,pupils_male,558154
48.3,2016,pupil_to_class,23,taught_classes,47010,teachers_male,25755,pupils_all,1079001
48.3,2016,pupil_to_class,23,taught_classes,47010,teachers_all,64944,pupils_female,520847
48.3,2016,pupil_to_class,23,taught_classes,47010,teachers_all,64944,pupils_male,558154
48.3,2016,pupil_to_class,23,taught_classes,47010,teachers_all,64944,pupils_all,1079001
48.3,2016,pupil_to_class,23,number_classerooms,27062,teachers_female,39189,pupils_female,520847
48.3,2016,pupil_to_class,23,number_classerooms,27062,teachers_female,39189,pupils_male,558154
48.3,2016,pupil_to_class,23,number_classerooms,27062,teachers_female,39189,pupils_all,1079001
48.3,2016,pupil_to_class,23,number_classerooms,27062,teachers_male,25755,pupils_female,520847
48.3,2016,pupil_to_class,23,number_classerooms,27062,teachers_male,25755,pupils_male,558154
48.3,2016,pupil_to_class,23,number_classerooms,27062,teachers_male,25755,pupils_all,1079001
48.3,2016,pupil_to_class,23,number_classerooms,27062,teachers_all,64944,pupils_female,520847
48.3,2016,pupil_to_class,23,number_classerooms,27062,teachers_all,64944,pupils_male,558154
48.3,2016,pupil_to_class,23,number_classerooms,27062,teachers_all,64944,pupils_all,1079001
48.3,2016,pupil_to_class,23,number_schools,4575,teachers_female,39189,pupils_female,520847
48.3,2016,pupil_to_class,23,number_schools,4575,teachers_female,39189,pupils_male,558154
48.3,2016,pupil_to_class,23,number_schools,4575,teachers_female,39189,pupils_all,1079001
48.3,2016,pupil_to_class,23,number_schools,4575,teachers_male,25755,pupils_female,520847
48.3,2016,pupil_to_class,23,number_schools,4575,teachers_male,25755,pupils_male,558154
48.3,2016,pupil_to_class,23,number_schools,4575,teachers_male,25755,pupils_all,1079001
48.3,2016,pupil_to_class,23,number_schools,4575,teachers_all,64944,pupils_female,520847
48.3,2016,pupil_to_class,23,number_schools,4575,teachers_all,64944,pupils_male,558154
48.3,2016,pupil_to_class,23,number_schools,4575,teachers_all,64944,pupils_all,1079001
48.3,2016,pupil_to_teacher,16.6,taught_classes,47010,teachers_female,39189,pupils_female,520847
48.3,2016,pupil_to_teacher,16.6,taught_classes,47010,teachers_female,39189,pupils_male,558154
48.3,2016,pupil_to_teacher,16.6,taught_classes,47010,teachers_female,39189,pupils_all,1079001
48.3,2016,pupil_to_teacher,16.6,taught_classes,47010,teachers_male,25755,pupils_female,520847
48.3,2016,pupil_to_teacher,16.6,taught_classes,47010,teachers_male,25755,pupils_male,558154
48.3,2016,pupil_to_teacher,16.6,taught_classes,47010,teachers_male,25755,pupils_all,1079001
48.3,2016,pupil_to_teacher,16.6,taught_classes,47010,teachers_all,64944,pupils_female,520847
48.3,2016,pupil_to_teacher,16.6,taught_classes,47010,teachers_all,64944,pupils_male,558154
48.3,2016,pupil_to_teacher,16.6,taught_classes,47010,teachers_all,64944,pupils_all,1079001
48.3,2016,pupil_to_teacher,16.6,number_classerooms,27062,teachers_female,39189,pupils_female,520847
48.3,2016,pupil_to_teacher,16.6,number_classerooms,27062,teachers_female,39189,pupils_male,558154
48.3,2016,pupil_to_teacher,16.6,number_classerooms,27062,teachers_female,39189,pupils_all,1079001
48.3,2016,pupil_to_teacher,16.6,number_classerooms,27062,teachers_male,25755,pupils_female,520847
48.3,2016,pupil_to_teacher,16.6,number_classerooms,27062,teachers_male,25755,pupils_male,558154
48.3,2016,pupil_to_teacher,16.6,number_classerooms,27062,teachers_male,25755,pupils_all,1079001
48.3,2016,pupil_to_teacher,16.6,number_classerooms,27062,teachers_all,64944,pupils_female,520847
48.3,2016,pupil_to_teacher,16.6,number_classerooms,27062,teachers_all,64944,pupils_male,558154
48.3,2016,pupil_to_teacher,16.6,number_classerooms,27062,teachers_all,64944,pupils_all,1079001
48.3,2016,pupil_to_teacher,16.6,number_schools,4575,teachers_female,39189,pupils_female,520847
48.3,2016,pupil_to_teacher,16.6,number_schools,4575,teachers_female,39189,pupils_male,558154
48.3,2016,pupil_to_teacher,16.6,number_schools,4575,teachers_female,39189,pupils_all,1079001
48.3,2016,pupil_to_teacher,16.6,number_schools,4575,teachers_male,25755,pupils_female,520847
48.3,2016,pupil_to_teacher,16.6,number_schools,4575,teachers_male,25755,pupils_male,558154
48.3,2016,pupil_to_teacher,16.6,number_schools,4575,teachers_male,25755,pupils_all,1079001
48.3,2016,pupil_to_teacher,16.6,number_schools,4575,teachers_all,64944,pupils_female,520847
48.3,2016,pupil_to_teacher,16.6,number_schools,4575,teachers_all,64944,pupils_male,558154
48.3,2016,pupil_to_teacher,16.6,number_schools,4575,teachers_all,64944,pupils_all,1079001
48.1,2017,pupil_to_class,23.2,taught_classes,47470,teachers_female,38673,pupils_female,529896
48.1,2017,pupil_to_class,23.2,taught_classes,47470,teachers_female,38673,pupils_male,570894
48.1,2017,pupil_to_class,23.2,taught_classes,47470,teachers_female,38673,pupils_all,1100790
48.1,2017,pupil_to_class,23.2,taught_classes,47470,teachers_male,25327,pupils_female,529896
48.1,2017,pupil_to_class,23.2,taught_classes,47470,teachers_male,25327,pupils_male,570894
48.1,2017,pupil_to_class,23.2,taught_classes,47470,teachers_male,25327,pupils_all,1100790
48.1,2017,pupil_to_class,23.2,taught_classes,47470,teachers_all,64000,pupils_female,529896
48.1,2017,pupil_to_class,23.2,taught_classes,47470,teachers_all,64000,pupils_male,570894
48.1,2017,pupil_to_class,23.2,taught_classes,47470,teachers_all,64000,pupils_all,1100790
48.1,2017,pupil_to_class,23.2,number_classerooms,27093,teachers_female,38673,pupils_female,529896
48.1,2017,pupil_to_class,23.2,number_classerooms,27093,teachers_female,38673,pupils_male,570894
48.1,2017,pupil_to_class,23.2,number_classerooms,27093,teachers_female,38673,pupils_all,1100790
48.1,2017,pupil_to_class,23.2,number_classerooms,27093,teachers_male,25327,pupils_female,529896
48.1,2017,pupil_to_class,23.2,number_classerooms,27093,teachers_male,25327,pupils_male,570894
48.1,2017,pupil_to_class,23.2,number_classerooms,27093,teachers_male,25327,pupils_all,1100790
48.1,2017,pupil_to_class,23.2,number_classerooms,27093,teachers_all,64000,pupils_female,529896
48.1,2017,pupil_to_class,23.2,number_classerooms,27093,teachers_all,64000,pupils_male,570894
48.1,2017,pupil_to_class,23.2,number_classerooms,27093,teachers_all,64000,pupils_all,1100790
48.1,2017,pupil_to_class,23.2,number_schools,4568,teachers_female,38673,pupils_female,529896
48.1,2017,pupil_to_class,23.2,number_schools,4568,teachers_female,38673,pupils_male,570894
48.1,2017,pupil_to_class,23.2,number_schools,4568,teachers_female,38673,pupils_all,1100790
48.1,2017,pupil_to_class,23.2,number_schools,4568,teachers_male,25327,pupils_female,529896
48.1,2017,pupil_to_class,23.2,number_schools,4568,teachers_male,25327,pupils_male,570894
48.1,2017,pupil_to_class,23.2,number_schools,4568,teachers_male,25327,pupils_all,1100790
48.1,2017,pupil_to_class,23.2,number_schools,4568,teachers_all,64000,pupils_female,529896
48.1,2017,pupil_to_class,23.2,number_schools,4568,teachers_all,64000,pupils_male,570894
48.1,2017,pupil_to_class,23.2,number_schools,4568,teachers_all,64000,pupils_all,1100790
48.1,2017,pupil_to_teacher,17.2,taught_classes,47470,teachers_female,38673,pupils_female,529896
48.1,2017,pupil_to_teacher,17.2,taught_classes,47470,teachers_female,38673,pupils_male,570894
48.1,2017,pupil_to_teacher,17.2,taught_classes,47470,teachers_female,38673,pupils_all,1100790
48.1,2017,pupil_to_teacher,17.2,taught_classes,47470,teachers_male,25327,pupils_female,529896
48.1,2017,pupil_to_teacher,17.2,taught_classes,47470,teachers_male,25327,pupils_male,570894
48.1,2017,pupil_to_teacher,17.2,taught_classes,47470,teachers_male,25327,pupils_all,1100790
48.1,2017,pupil_to_teacher,17.2,taught_classes,47470,teachers_all,64000,pupils_female,529896
48.1,2017,pupil_to_teacher,17.2,taught_classes,47470,teachers_all,64000,pupils_male,570894
48.1,2017,pupil_to_teacher,17.2,taught_classes,47470,teachers_all,64000,pupils_all,1100790
48.1,2017,pupil_to_teacher,17.2,number_classerooms,27093,teachers_female,38673,pupils_female,529896
48.1,2017,pupil_to_teacher,17.2,number_classerooms,27093,teachers_female,38673,pupils_male,570894
48.1,2017,pupil_to_teacher,17.2,number_classerooms,27093,teachers_female,38673,pupils_all,1100790
48.1,2017,pupil_to_teacher,17.2,number_classerooms,27093,teachers_male,25327,pupils_female,529896
48.1,2017,pupil_to_teacher,17.2,number_classerooms,27093,teachers_male,25327,pupils_male,570894
48.1,2017,pupil_to_teacher,17.2,number_classerooms,27093,teachers_male,25327,pupils_all,1100790
48.1,2017,pupil_to_teacher,17.2,number_classerooms,27093,teachers_all,64000,pupils_female,529896
48.1,2017,pupil_to_teacher,17.2,number_classerooms,27093,teachers_all,64000,pupils_male,570894
48.1,2017,pupil_to_teacher,17.2,number_classerooms,27093,teachers_all,64000,pupils_all,1100790
48.1,2017,pupil_to_teacher,17.2,number_schools,4568,teachers_female,38673,pupils_female,529896
48.1,2017,pupil_to_teacher,17.2,number_schools,4568,teachers_female,38673,pupils_male,570894
48.1,2017,pupil_to_teacher,17.2,number_schools,4568,teachers_female,38673,pupils_all,1100790
48.1,2017,pupil_to_teacher,17.2,number_schools,4568,teachers_male,25327,pupils_female,529896
48.1,2017,pupil_to_teacher,17.2,number_schools,4568,teachers_male,25327,pupils_male,570894
48.1,2017,pupil_to_teacher,17.2,number_schools,4568,teachers_male,25327,pupils_all,1100790
48.1,2017,pupil_to_teacher,17.2,number_schools,4568,teachers_all,64000,pupils_female,529896
48.1,2017,pupil_to_teacher,17.2,number_schools,4568,teachers_all,64000,pupils_male,570894
48.1,2017,pupil_to_teacher,17.2,number_schools,4568,teachers_all,64000,pupils_all,1100790
48.1,2018,pupil_to_class,23.4,taught_classes,47941,teachers_female,39176,pupils_female,539790
48.1,2018,pupil_to_class,23.4,taught_classes,47941,teachers_female,39176,pupils_male,582903
48.1,2018,pupil_to_class,23.4,taught_classes,47941,teachers_female,39176,pupils_all,1122693
48.1,2018,pupil_to_class,23.4,taught_classes,47941,teachers_male,24466,pupils_female,539790
48.1,2018,pupil_to_class,23.4,taught_classes,47941,teachers_male,24466,pupils_male,582903
48.1,2018,pupil_to_class,23.4,taught_classes,47941,teachers_male,24466,pupils_all,1122693
48.1,2018,pupil_to_class,23.4,taught_classes,47941,teachers_all,63642,pupils_female,539790
48.1,2018,pupil_to_class,23.4,taught_classes,47941,teachers_all,63642,pupils_male,582903
48.1,2018,pupil_to_class,23.4,taught_classes,47941,teachers_all,63642,pupils_all,1122693
48.1,2018,pupil_to_class,23.4,number_classerooms,27191,teachers_female,39176,pupils_female,539790
48.1,2018,pupil_to_class,23.4,number_classerooms,27191,teachers_female,39176,pupils_male,582903
48.1,2018,pupil_to_class,23.4,number_classerooms,27191,teachers_female,39176,pupils_all,1122693
48.1,2018,pupil_to_class,23.4,number_classerooms,27191,teachers_male,24466,pupils_female,539790
48.1,2018,pupil_to_class,23.4,number_classerooms,27191,teachers_male,24466,pupils_male,582903
48.1,2018,pupil_to_class,23.4,number_classerooms,27191,teachers_male,24466,pupils_all,1122693
48.1,2018,pupil_to_class,23.4,number_classerooms,27191,teachers_all,63642,pupils_female,539790
48.1,2018,pupil_to_class,23.4,number_classerooms,27191,teachers_all,63642,pupils_male,582903
48.1,2018,pupil_to_class,23.4,number_classerooms,27191,teachers_all,63642,pupils_all,1122693
48.1,2018,pupil_to_class,23.4,number_schools,4576,teachers_female,39176,pupils_female,539790
48.1,2018,pupil_to_class,23.4,number_schools,4576,teachers_female,39176,pupils_male,582903
48.1,2018,pupil_to_class,23.4,number_schools,4576,teachers_female,39176,pupils_all,1122693
48.1,2018,pupil_to_class,23.4,number_schools,4576,teachers_male,24466,pupils_female,539790
48.1,2018,pupil_to_class,23.4,number_schools,4576,teachers_male,24466,pupils_male,582903
48.1,2018,pupil_to_class,23.4,number_schools,4576,teachers_male,24466,pupils_all,1122693
48.1,2018,pupil_to_class,23.4,number_schools,4576,teachers_all,63642,pupils_female,539790
48.1,2018,pupil_to_class,23.4,number_schools,4576,teachers_all,63642,pupils_male,582903
48.1,2018,pupil_to_class,23.4,number_schools,4576,teachers_all,63642,pupils_all,1122693
48.1,2018,pupil_to_teacher,17.6,taught_classes,47941,teachers_female,39176,pupils_female,539790
48.1,2018,pupil_to_teacher,17.6,taught_classes,47941,teachers_female,39176,pupils_male,582903
48.1,2018,pupil_to_teacher,17.6,taught_classes,47941,teachers_female,39176,pupils_all,1122693
48.1,2018,pupil_to_teacher,17.6,taught_classes,47941,teachers_male,24466,pupils_female,539790
48.1,2018,pupil_to_teacher,17.6,taught_classes,47941,teachers_male,24466,pupils_male,582903
48.1,2018,pupil_to_teacher,17.6,taught_classes,47941,teachers_male,24466,pupils_all,1122693
48.1,2018,pupil_to_teacher,17.6,taught_classes,47941,teachers_all,63642,pupils_female,539790
48.1,2018,pupil_to_teacher,17.6,taught_classes,47941,teachers_all,63642,pupils_male,582903
48.1,2018,pupil_to_teacher,17.6,taught_classes,47941,teachers_all,63642,pupils_all,1122693
48.1,2018,pupil_to_teacher,17.6,number_classerooms,27191,teachers_female,39176,pupils_female,539790
48.1,2018,pupil_to_teacher,17.6,number_classerooms,27191,teachers_female,39176,pupils_male,582903
48.1,2018,pupil_to_teacher,17.6,number_classerooms,27191,teachers_female,39176,pupils_all,1122693
48.1,2018,pupil_to_teacher,17.6,number_classerooms,27191,teachers_male,24466,pupils_female,539790
48.1,2018,pupil_to_teacher,17.6,number_classerooms,27191,teachers_male,24466,pupils_male,582903
48.1,2018,pupil_to_teacher,17.6,number_classerooms,27191,teachers_male,24466,pupils_all,1122693
48.1,2018,pupil_to_teacher,17.6,number_classerooms,27191,teachers_all,63642,pupils_female,539790
48.1,2018,pupil_to_teacher,17.6,number_classerooms,27191,teachers_all,63642,pupils_male,582903
48.1,2018,pupil_to_teacher,17.6,number_classerooms,27191,teachers_all,63642,pupils_all,1122693
48.1,2018,pupil_to_teacher,17.6,number_schools,4576,teachers_female,39176,pupils_female,539790
48.1,2018,pupil_to_teacher,17.6,number_schools,4576,teachers_female,39176,pupils_male,582903
48.1,2018,pupil_to_teacher,17.6,number_schools,4576,teachers_female,39176,pupils_all,1122693
48.1,2018,pupil_to_teacher,17.6,number_schools,4576,teachers_male,24466,pupils_female,539790
48.1,2018,pupil_to_teacher,17.6,number_schools,4576,teachers_male,24466,pupils_male,582903
48.1,2018,pupil_to_teacher,17.6,number_schools,4576,teachers_male,24466,pupils_all,1122693
48.1,2018,pupil_to_teacher,17.6,number_schools,4576,teachers_all,63642,pupils_female,539790
48.1,2018,pupil_to_teacher,17.6,number_schools,4576,teachers_all,63642,pupils_male,582903
48.1,2018,pupil_to_teacher,17.6,number_schools,4576,teachers_all,63642,pupils_all,1122693
48.1,2019,pupil_to_class,23.9,taught_classes,48008,teachers_female,39626,pupils_female,552518
48.1,2019,pupil_to_class,23.9,taught_classes,48008,teachers_female,39626,pupils_male,596727
48.1,2019,pupil_to_class,23.9,taught_classes,48008,teachers_female,39626,pupils_all,1149245
48.1,2019,pupil_to_class,23.9,taught_classes,48008,teachers_male,23602,pupils_female,552518
48.1,2019,pupil_to_class,23.9,taught_classes,48008,teachers_male,23602,pupils_male,596727
48.1,2019,pupil_to_class,23.9,taught_classes,48008,teachers_male,23602,pupils_all,1149245
48.1,2019,pupil_to_class,23.9,taught_classes,48008,teachers_all,63228,pupils_female,552518
48.1,2019,pupil_to_class,23.9,taught_classes,48008,teachers_all,63228,pupils_male,596727
48.1,2019,pupil_to_class,23.9,taught_classes,48008,teachers_all,63228,pupils_all,1149245
48.1,2019,pupil_to_class,23.9,number_classerooms,27467,teachers_female,39626,pupils_female,552518
48.1,2019,pupil_to_class,23.9,number_classerooms,27467,teachers_female,39626,pupils_male,596727
48.1,2019,pupil_to_class,23.9,number_classerooms,27467,teachers_female,39626,pupils_all,1149245
48.1,2019,pupil_to_class,23.9,number_classerooms,27467,teachers_male,23602,pupils_female,552518
48.1,2019,pupil_to_class,23.9,number_classerooms,27467,teachers_male,23602,pupils_male,596727
48.1,2019,pupil_to_class,23.9,number_classerooms,27467,teachers_male,23602,pupils_all,1149245
48.1,2019,pupil_to_class,23.9,number_classerooms,27467,teachers_all,63228,pupils_female,552518
48.1,2019,pupil_to_class,23.9,number_classerooms,27467,teachers_all,63228,pupils_male,596727
48.1,2019,pupil_to_class,23.9,number_classerooms,27467,teachers_all,63228,pupils_all,1149245
48.1,2019,pupil_to_class,23.9,number_schools,4583,teachers_female,39626,pupils_female,552518
48.1,2019,pupil_to_class,23.9,number_schools,4583,teachers_female,39626,pupils_male,596727
48.1,2019,pupil_to_class,23.9,number_schools,4583,teachers_female,39626,pupils_all,1149245
48.1,2019,pupil_to_class,23.9,number_schools,4583,teachers_male,23602,pupils_female,552518
48.1,2019,pupil_to_class,23.9,number_schools,4583,teachers_male,23602,pupils_male,596727
48.1,2019,pupil_to_class,23.9,number_schools,4583,teachers_male,23602,pupils_all,1149245
48.1,2019,pupil_to_class,23.9,number_schools,4583,teachers_all,63228,pupils_female,552518
48.1,2019,pupil_to_class,23.9,number_schools,4583,teachers_all,63228,pupils_male,596727
48.1,2019,pupil_to_class,23.9,number_schools,4583,teachers_all,63228,pupils_all,1149245
48.1,2019,pupil_to_teacher,18.2,taught_classes,48008,teachers_female,39626,pupils_female,552518
48.1,2019,pupil_to_teacher,18.2,taught_classes,48008,teachers_female,39626,pupils_male,596727
48.1,2019,pupil_to_teacher,18.2,taught_classes,48008,teachers_female,39626,pupils_all,1149245
48.1,2019,pupil_to_teacher,18.2,taught_classes,48008,teachers_male,23602,pupils_female,552518
48.1,2019,pupil_to_teacher,18.2,taught_classes,48008,teachers_male,23602,pupils_male,596727
48.1,2019,pupil_to_teacher,18.2,taught_classes,48008,teachers_male,23602,pupils_all,1149245
48.1,2019,pupil_to_teacher,18.2,taught_classes,48008,teachers_all,63228,pupils_female,552518
48.1,2019,pupil_to_teacher,18.2,taught_classes,48008,teachers_all,63228,pupils_male,596727
48.1,2019,pupil_to_teacher,18.2,taught_classes,48008,teachers_all,63228,pupils_all,1149245
48.1,2019,pupil_to_teacher,18.2,number_classerooms,27467,teachers_female,39626,pupils_female,552518
48.1,2019,pupil_to_teacher,18.2,number_classerooms,27467,teachers_female,39626,pupils_male,596727
48.1,2019,pupil_to_teacher,18.2,number_classerooms,27467,teachers_female,39626,pupils_all,1149245
48.1,2019,pupil_to_teacher,18.2,number_classerooms,27467,teachers_male,23602,pupils_female,552518
48.1,2019,pupil_to_teacher,18.2,number_classerooms,27467,teachers_male,23602,pupils_male,596727
48.1,2019,pupil_to_teacher,18.2,number_classerooms,27467,teachers_male,23602,pupils_all,1149245
48.1,2019,pupil_to_teacher,18.2,number_classerooms,27467,teachers_all,63228,pupils_female,552518
48.1,2019,pupil_to_teacher,18.2,number_classerooms,27467,teachers_all,63228,pupils_male,596727
48.1,2019,pupil_to_teacher,18.2,number_classerooms,27467,teachers_all,63228,pupils_all,1149245
48.1,2019,pupil_to_teacher,18.2,number_schools,4583,teachers_female,39626,pupils_female,552518
48.1,2019,pupil_to_teacher,18.2,number_schools,4583,teachers_female,39626,pupils_male,596727
48.1,2019,pupil_to_teacher,18.2,number_schools,4583,teachers_female,39626,pupils_all,1149245
48.1,2019,pupil_to_teacher,18.2,number_schools,4583,teachers_male,23602,pupils_female,552518
48.1,2019,pupil_to_teacher,18.2,number_schools,4583,teachers_male,23602,pupils_male,596727
48.1,2019,pupil_to_teacher,18.2,number_schools,4583,teachers_male,23602,pupils_all,1149245
48.1,2019,pupil_to_teacher,18.2,number_schools,4583,teachers_all,63228,pupils_female,552518
48.1,2019,pupil_to_teacher,18.2,number_schools,4583,teachers_all,63228,pupils_male,596727
48.1,2019,pupil_to_teacher,18.2,number_schools,4583,teachers_all,63228,pupils_all,1149245
